<?xml version="1.0" encoding="utf-8" standalone="yes"?>
<rss version="2.0" xmlns:atom="http://www.w3.org/2005/Atom">
  <channel>
    <title>ggplot2 on Trabajo final G1 - 2021 II</title>
    <link>/tags/ggplot2/</link>
    <description>Recent content in ggplot2 on Trabajo final G1 - 2021 II</description>
    <generator>Hugo -- gohugo.io</generator>
    <language>en-us</language>
    <lastBuildDate>Mon, 07 Mar 2022 00:00:00 +0000</lastBuildDate><atom:link href="/tags/ggplot2/index.xml" rel="self" type="application/rss+xml" />
    <item>
      <title>Estudio de los ingresos tributarios 2010-2019 - Miraflores</title>
      <link>/2022/03/07/pr-ctica-1/</link>
      <pubDate>Mon, 07 Mar 2022 00:00:00 +0000</pubDate>
      
      <guid>/2022/03/07/pr-ctica-1/</guid>
      <description>Descripción de la pc1 La PC1 consistió en la elaboración de un analisis de data empleando los paquetes ggforce, ggridges y ggalt.En este trabajo se utilizaron los siguientes paquetes:
ggplot2ggforceggridgesggaltpatchworkdplyrlubridatereadrreadxlremotesscalesextrafontLectura de datosComo indicación la data que se debía utilizar era de la plataforma nacional de datos abiertos,como el propósito del análisis era mostrar los distintos usos de los paquetes asignados se buscó un conjunto que tuviera dos o más variables numéricas para poder realizar analisis de variaciones en el tiempo.</description>
    </item>
    
    <item>
      <title>¿Sabe usted cómo mentir con estadísticas?</title>
      <link>/2022/03/07/pc4/</link>
      <pubDate>Mon, 07 Mar 2022 00:00:00 +0000</pubDate>
      
      <guid>/2022/03/07/pc4/</guid>
      <description>PresentaciónEn este blog estamos bien enterados de todos los beneficios que el análisis estadístico puede ofrecer a nuestra sociedad pero también somos conscientes de lo fácil que pueden malinterpretarse los resultados provenientes del mismo. Todos podemos caer en estos errores debido a pequeños descuidos pero también no es poco común que alguien -por cualesquiera fuesen sus intereses- busque convencernos de una falacia apoyándose de resultados estadísticos. Como grupo entusiasta de la Estadística, nos sentimos con el deber de alertar de estos posibles escenarios y no hay mejor manera que apoyarnos del célebre libro “¿Cómo mentir con estadísticas?</description>
    </item>
    
  </channel>
</rss>
