<?xml version="1.0" encoding="utf-8" standalone="yes"?>
<rss version="2.0" xmlns:atom="http://www.w3.org/2005/Atom">
  <channel>
    <title>Categories on Trabajo final G1 - 2021 II</title>
    <link>/categories/</link>
    <description>Recent content in Categories on Trabajo final G1 - 2021 II</description>
    <generator>Hugo -- gohugo.io</generator>
    <language>en-us</language>
    <lastBuildDate>Mon, 07 Mar 2022 00:00:00 +0000</lastBuildDate><atom:link href="/categories/index.xml" rel="self" type="application/rss+xml" />
    <item>
      <title>Blogdown</title>
      <link>/categories/blogdown/</link>
      <pubDate>Mon, 07 Mar 2022 00:00:00 +0000</pubDate>
      
      <guid>/categories/blogdown/</guid>
      <description></description>
    </item>
    
    <item>
      <title>ggplot2</title>
      <link>/categories/ggplot2/</link>
      <pubDate>Mon, 07 Mar 2022 00:00:00 +0000</pubDate>
      
      <guid>/categories/ggplot2/</guid>
      <description></description>
    </item>
    
    <item>
      <title>R</title>
      <link>/categories/r/</link>
      <pubDate>Mon, 07 Mar 2022 00:00:00 +0000</pubDate>
      
      <guid>/categories/r/</guid>
      <description></description>
    </item>
    
  </channel>
</rss>
